email_address,institute_sr_no,email_seq
vc@cuo.ac.in,1,5
vc@rusa.nic.in,3,5
registrar@aus.ac.in,5,4
vc@aus.ac.in,5,5
vc@bbau.ac.in,6,5
vc@bhu.ac.in,7,5
registrar@cuh.ac.in,8,4
vc@cuh.ac.in,8,5
vc@cuhimachal.ac.in,9,5
vc@cuj.ac.in,10,5
registrar@cujammu.ac.in,11,4
vc@cujammu.ac.in,11,5
registrar@cuk.ac.in,12,4
vc@cuk.ac.in,12,5
vc@cukashmir.ac.in,13,5
vc@cup.ac.in,14,5
registrar@curaj.ac.in,15,4
vc@curaj.ac.in,15,5
vc@cau.ac.in,18,5
registrar@cutn.ac.in,19,4
vc@cutn.ac.in,19,5
vc@dhsgsu.edu.in,20,5
vc@gsv.ac.in,21,5
registrar@aicte-india.org,24,4
vc@aicte-india.org,24,5
vc@cug.ac.in,25,5
vc@cukerala.ac.in,26,5
vc@cusb.ac.in,27,5
registrar@efluniversity.ac.in,28,4
vc@efluniversity.ac.in,28,5
registrar@rpcau.ac.in,30,4
vc@rpcau.ac.in,30,5
vc@akubihar.ac.in,31,5
registrar@bausabour.ac.in,33,4
vc@bausabour.ac.in,33,5
vc@beu-bih.ac.in,34,5
vc@bpsmv.digitaluniversity.ac,35,5
vc@buhs.ac.in,37,5
vc@cdlu.digitaluniversity.ac,39,5
registrar@csjmu.ac.in,40,4
vc@csjmu.ac.in,40,5
vc@dbranlu.ac.in,42,5
vc@dsnlu.ac.in,43,5
vc@gurugramuniversity.ac.in,44,5
registrar@iitram.ac.in,45,4
vc@iitram.ac.in,45,5
registrar@jnafau.ac.in,46,4
vc@jnafau.ac.in,46,5
vc@kskvku.digitaluniversity.ac,47,5
vc@ktbuniv.ac.in,48,5
vc@mdsuajmer.ac.in,50,5
registrar@mygov.in,51,4
vc@mygov.in,51,5
vc@nalsar.ac.in,52,5
vc@nludelhi.ac.in,53,5
registrar@periyaruniversity.ac.in,54,4
vc@periyaruniversity.ac.in,54,5
vc@raiganjuniversity.ac.in,55,5
vc@rmtmusicandartsuniversity.com,56,5
vc@rrgu.org,57,5
vc@sdsuv.ac.in,58,5
vc@skltshu.ac.in,59,5
vc@su.digitaluniversity.ac,62,5
vc@teluguuniversity.ac.in,63,5
vc@tnteu.ac.in,64,5
vc@aau.ac.in,66,5
vc@aliah.ac.in,68,5
vc@annamalaiuniversity.ac.in,69,5
vc@annauniv.edu,70,5
registrar@astu.org.in,71,4
vc@astu.org.in,71,5
vc@aud.ac.in,72,5
vc@ayurveduniversity.edu.in,73,5
registrar@baou.edu.in,74,4
vc@baou.edu.in,74,5
vc@bckv.edu.in,75,5
vc@bhojvirtualuniversity.com,77,5
registrar@brabu.net,78,4
vc@brabu.net,78,5
registrar@caluniv.ac.in,81,4
vc@caluniv.ac.in,81,5
registrar@cghealthuniv.com,82,4
vc@cghealthuniv.com,82,5
vc@cnlu.ac.in,83,5
vc@csvtu.ac.in,86,5
registrar@davangereuniversity.ac.in,88,4
vc@davangereuniversity.ac.in,88,5
vc@dbatu.ac.in,89,5
vc@dbskkv.org,90,5
vc@dhwu.ac.in,91,5
vc@dibru.ac.in,92,5
vc@dravidianuniversity.ac.in,93,5
vc@durguniversity.ac.in,94,5
vc@gadvasu.in,95,5
registrar@gauhati.ac.in,96,4
vc@gauhati.ac.in,96,5
registrar@gmuniversity.ac.in,97,4
vc@gmuniversity.ac.in,97,5
registrar@gnlu.ac.in,98,4
vc@gnlu.ac.in,98,5
vc@gtu.ac.in,99,5
registrar@guts.education,100,4
vc@guts.education,100,5
vc@hau.ac.in,101,5
vc@hnlu.ac.in,102,5
registrar@iiitd.ac.in,103,4
vc@iiitd.ac.in,103,5
vc@iksv.ac.in,104,5
registrar@ipu.ac.in,105,4
vc@ipu.ac.in,105,5
vc@islamicuniversity.edu.in,106,5
vc@jammuuniversity.ac.in,107,5
vc@jau.in,108,5
vc@jiwaji.edu,109,5
vc@jntua.ac.in,110,5
registrar@jntuh.ac.in,111,4
vc@jntuh.ac.in,111,5
vc@jntuk.edu.in,112,5
vc@jnvu.co.in,113,5
vc@kakatiya.ac.in,114,5
vc@kau.edu,116,5
vc@kbvsasun.ac.in,117,5
vc@kkhsou.in,118,5
vc@klyuniv.ac.in,119,5
vc@knu.ac.in,120,5
vc@kru.ac.in,121,5
vc@ksu.ac.in,123,5
registrar@ktujm.ac.in,124,4
vc@ktujm.ac.in,124,5
registrar@kud.ac.in,125,4
vc@kud.ac.in,125,5
registrar@kuhs.ac.in,126,4
vc@kuhs.ac.in,126,5
registrar@kuk.ac.in,127,4
vc@kuk.ac.in,127,5
registrar@kunainital.ac.in,128,4
vc@kunainital.ac.in,128,5
registrar@lkouniv.ac.in,129,4
vc@lkouniv.ac.in,129,5
registrar@magadhuniversity.ac.in,130,4
vc@magadhuniversity.ac.in,130,5
registrar@mcu.ac.in,131,4
vc@mcu.ac.in,131,5
registrar@mgkvp.ac.in,132,4
vc@mgkvp.ac.in,132,5
registrar@mgu.ac.in,133,4
vc@mgu.ac.in,133,5
registrar@mguniversity.ac.in,134,4
vc@mguniversity.ac.in,134,5
registrar@mlsu.ac.in,135,4
vc@mlsu.ac.in,135,5
registrar@mpuat.ac.in,136,4
vc@mpuat.ac.in,136,5
registrar@mtu.ac.in,137,4
vc@mtu.ac.in,137,5
registrar@muc.ac.in,138,4
vc@muc.ac.in,138,5
registrar@muhsnashik.com,139,4
vc@muhsnashik.com,139,5
registrar@musicuniversity.ac.in,140,4
vc@musicuniversity.ac.in,140,5
registrar@nbu.ac.in,141,4
vc@nbu.ac.in,141,5
vc@ndvsu.org,142,5
vc@ngu.ac.in,143,5
vc@nims.edu.in,144,5
vc@nliu.ac.in,145,5
vc@nluassam.ac.in,146,5
vc@nlujodhpur.ac.in,147,5
vc@nluo.ac.in,148,5
vc@nou.nic.in,149,5
vc@npu.ac.in,150,5
vc@nrupathungauniversityblr.ac.in,151,5
vc@nujs.edu,152,5
vc@palamuruuniversity.ac.in,153,5
vc@patnauniversity.ac.in,154,5
registrar@pjtsau.edu.in,155,4
vc@pjtsau.edu.in,155,5
vc@policeuniversity.ac.in,156,5
vc@ppup.ac.in,157,5
vc@prsu.ac.in,158,5
vc@pssou.ac.in,159,5
vc@puchd.ac.in,160,5
vc@punjabiuniversity.ac.in,161,5
registrar@ranchiuniversity.ac.in,162,4
vc@ranchiuniversity.ac.in,162,5
registrar@raubikaner.org,163,4
vc@raubikaner.org,163,5
registrar@rbu.ac.in,164,4
vc@rbu.ac.in,164,5
registrar@rdunijbpin.org,165,4
vc@rdunijbpin.org,165,5
registrar@rgnul.ac.in,166,4
vc@rgnul.ac.in,166,5
registrar@rguhs.ac.in,167,4
vc@rguhs.ac.in,167,5
registrar@rgukt.in,168,4
vc@rgukt.in,168,5
registrar@rmlau.ac.in,169,4
vc@rmlau.ac.in,169,5
registrar@rtu.ac.in,170,4
vc@rtu.ac.in,170,5
registrar@ruhsraj.org,171,4
vc@ruhsraj.org,171,5
registrar@satavahana.ac.in,172,4
vc@satavahana.ac.in,172,5
registrar@saurashtrauniversity.edu,173,4
vc@saurashtrauniversity.edu,173,5
registrar@sbssugsp.ac.in,174,4
vc@sbssugsp.ac.in,174,5
registrar@sdau.edu.in,175,4
vc@sdau.edu.in,175,5
registrar@sgbau.ac.in,176,4
vc@sgbau.ac.in,176,5
registrar@skuastkashmir.ac.in,177,4
vc@skuastkashmir.ac.in,177,5
registrar@smvdu.net.in,178,4
vc@smvdu.net.in,178,5
registrar@sndt.ac.in,179,4
vc@sndt.ac.in,179,5
registrar@spmvv.ac.in,180,4
vc@spmvv.ac.in,180,5
registrar@spuvvn.edu,181,4
vc@spuvvn.edu,181,5
registrar@srtmun.org,182,4
vc@srtmun.org,182,5
registrar@ssus.ac.in,183,4
vc@ssus.ac.in,183,5
registrar@svvedicuniversity.ac.in,184,4
vc@svvedicuniversity.ac.in,184,5
registrar@tanuvas.ac.in,185,4
vc@tanuvas.ac.in,185,5
registrar@tmbu.org,186,4
vc@tmbu.org,186,5
registrar@tnau.ac.in,187,4
vc@tnau.ac.in,187,5
registrar@tumkuruniversity.ac.in,188,4
vc@tumkuruniversity.ac.in,188,5
registrar@uasd.edu,189,4
vc@uasd.edu,189,5
registrar@uau.ac.in,190,4
vc@uau.ac.in,190,5
registrar@ugb.ac.in,191,4
vc@ugb.ac.in,191,5
registrar@ugc.ac.in,192,4
vc@ugc.ac.in,192,5
registrar@ugcnetonline.in,193,4
vc@ugcnetonline.in,193,5
registrar@unigoa.ac.in,194,4
vc@unigoa.ac.in,194,5
registrar@unipune.ac.in,195,4
vc@unipune.ac.in,195,5
registrar@unishivaji.ac.in,196,4
vc@unishivaji.ac.in,196,5
registrar@unom.ac.in,197,4
vc@unom.ac.in,197,5
registrar@uoc.ac.in,198,4
vc@uoc.ac.in,198,5
registrar@uou.ac.in,199,4
vc@uou.ac.in,199,5
registrar@uprtou.ac.in,200,4
vc@uprtou.ac.in,200,5
registrar@upvetuniv.edu.in,201,4
vc@upvetuniv.edu.in,201,5
registrar@uuc.ac.in,202,4
vc@uuc.ac.in,202,5
registrar@vetbifg.ac.in,203,4
vc@vetbifg.ac.in,203,5
registrar@vidyasagar.ac.in,204,4
vc@vidyasagar.ac.in,204,5
registrar@vimsar.ac.in,205,4
vc@vimsar.ac.in,205,5
registrar@vmou.ac.in,206,4
vc@vmou.ac.in,206,5
registrar@vnsgu.ac.in,207,4
vc@vnsgu.ac.in,207,5
registrar@vskub.ac.in,208,4
vc@vskub.ac.in,208,5
registrar@vssut.ac.in,209,4
vc@vssut.ac.in,209,5
registrar@vtu.ac.in,210,4
vc@vtu.ac.in,210,5
registrar@yspuniversity.ac.in,211,4
vc@yspuniversity.ac.in,211,5
registrar@abvmuup.edu.in,212,4
vc@abvmuup.edu.in,212,5
registrar@ahuuk.ac.in,213,4
vc@ahuuk.ac.in,213,5
registrar@amruhp.ac.in,214,4
vc@amruhp.ac.in,214,5
registrar@amtedivyanguniversity.ac.in,215,4
vc@amtedivyanguniversity.ac.in,215,5
registrar@angrau.ac.in,216,4
vc@angrau.ac.in,216,5
registrar@apfu.ap.gov.in,217,4
vc@apfu.ap.gov.in,217,5
registrar@asu.ac.in,218,4
vc@asu.ac.in,218,5
registrar@awu.ac.in,219,4
vc@awu.ac.in,219,5
registrar@bankurauniv.ac.in,220,4
vc@bankurauniv.ac.in,220,5
registrar@base.ac.in,221,4
vc@base.ac.in,221,5
registrar@bbmku.ac.in,222,4
vc@bbmku.ac.in,222,5
registrar@bcu.ac.in,223,4
vc@bcu.ac.in,223,5
registrar@bgsbu.ac.in,224,4
vc@bgsbu.ac.in,224,5
registrar@biharsports.org,225,4
vc@biharsports.org,225,5
registrar@bmtu.ac.in,226,4
vc@bmtu.ac.in,226,5
registrar@brauss.in,227,4
vc@brauss.in,227,5
registrar@btu.ac.in,228,4
vc@btu.ac.in,228,5
registrar@buniv.edu.in,229,4
vc@buniv.edu.in,229,5
registrar@cblu.ac.in,230,4
vc@cblu.ac.in,230,5
registrar@clujammu.ac.in,231,4
vc@clujammu.ac.in,231,5
registrar@cottonuniversity.ac.in,232,4
vc@cottonuniversity.ac.in,232,5
registrar@data.gov.in,233,4
vc@data.gov.in,233,5
registrar@dbrau.ac.in,234,4
vc@dbrau.ac.in,234,5
registrar@dduniversity.ac.in,235,4
vc@dduniversity.ac.in,235,5
registrar@deb.ugc.ac.in,236,4
vc@deb.ugc.ac.in,236,5
registrar@dpsru.edu.in,237,4
vc@dpsru.edu.in,237,5
registrar@drntruhs.in,238,4
vc@drntruhs.in,238,5
registrar@drysrhu.ap.gov.in,239,4
vc@drysrhu.ap.gov.in,239,5
registrar@dseu.ac.in,240,4
vc@dseu.ac.in,240,5
registrar@dsmru.up.nic.in,241,4
vc@dsmru.up.nic.in,241,5
registrar@dsrrauexam.org,242,4
vc@dsrrauexam.org,242,5
registrar@duk.ac.in,243,4
vc@duk.ac.in,243,5
registrar@eprocure.gov.in,244,4
vc@eprocure.gov.in,244,5
registrar@fmuniversity.nic.in,245,4
vc@fmuniversity.nic.in,245,5
registrar@gbu.gujarat.gov.in,246,4
vc@gbu.gujarat.gov.in,246,5
registrar@gramodayachitrakoot.ac.in,247,4
vc@gramodayachitrakoot.ac.in,247,5
registrar@graupunjab.org,248,4
vc@graupunjab.org,248,5
registrar@gug.ac.in,249,4
vc@gug.ac.in,249,5
registrar@hbtu.ac.in,250,4
vc@hbtu.ac.in,250,5
registrar@hju.ac.in,251,4
vc@hju.ac.in,251,5
registrar@hpuniv.ac.in,252,4
vc@hpuniv.ac.in,252,5
registrar@igkv.ac.in,253,4
vc@igkv.ac.in,253,5
registrar@india.gov.in,254,4
vc@india.gov.in,254,5
registrar@ioe.ugc.ac.in,255,4
vc@ioe.ugc.ac.in,255,5
registrar@jbu.ac.in,256,4
vc@jbu.ac.in,256,5
registrar@jharkhanduniversities.nic.in,257,4
vc@jharkhanduniversities.nic.in,257,5
registrar@jhkaushalvedskill.university,258,4
vc@jhkaushalvedskill.university,258,5
registrar@jntukucev.ac.in,259,4
vc@jntukucev.ac.in,259,5
registrar@jpv.ac.in,260,4
vc@jpv.ac.in,260,5
registrar@kalahandiuniversity.ac.in,261,4
vc@kalahandiuniversity.ac.in,261,5
registrar@kaushalyaskilluniversity.ac.in,262,4
vc@kaushalyaskilluniversity.ac.in,262,5
registrar@kmclu.ac.in,263,4
vc@kmclu.ac.in,263,5
registrar@knruhs.telangana.gov.in,264,4
vc@knruhs.telangana.gov.in,264,5
registrar@kokrajharuniversity.ac.in,265,4
vc@kokrajharuniversity.ac.in,265,5
registrar@kslu.karnataka.gov.in,266,4
vc@kslu.karnataka.gov.in,266,5
registrar@ksoumysuru.ac.in,267,4
vc@ksoumysuru.ac.in,267,5
registrar@ksrdpru.ac.in,268,4
vc@ksrdpru.ac.in,268,5
registrar@kttv.edu.in,269,4
vc@kttv.edu.in,269,5
registrar@ktu.edu.in,270,4
vc@ktu.edu.in,270,5
registrar@kuk.karnataka.gov.in,271,4
vc@kuk.karnataka.gov.in,271,5
registrar@kuu.ac.in,272,4
vc@kuu.ac.in,272,5
registrar@litu.edu.in,273,4
vc@litu.edu.in,273,5
registrar@lnmu.ac.in,274,4
vc@lnmu.ac.in,274,5
registrar@madhabdevuniversity.ac.in,275,4
vc@madhabdevuniversity.ac.in,275,5
registrar@mbbuniversity.ac.in,276,4
vc@mbbuniversity.ac.in,276,5
registrar@mbspsu.ac.in,277,4
vc@mbspsu.ac.in,277,5
registrar@mcbu.ac.in,278,4
vc@mcbu.ac.in,278,5
registrar@mcu.karnataka.gov.in,279,4
vc@mcu.karnataka.gov.in,279,5
registrar@mgsubikaner.ac.in,280,4
vc@mgsubikaner.ac.in,280,5
registrar@mguvv.ac.in,281,4
vc@mguvv.ac.in,281,5
registrar@mkuniversity.ac.in,282,4
vc@mkuniversity.ac.in,282,5
registrar@mlu.ac.in,283,4
vc@mlu.ac.in,283,5
registrar@mnlumumbai.edu.in,284,4
vc@mnlumumbai.edu.in,284,5
registrar@mpmsu.edu.in,285,4
vc@mpmsu.edu.in,285,5
registrar@mpublp.ac.in,286,4
vc@mpublp.ac.in,286,5
registrar@msbrijuniversity.ac.in,287,4
vc@msbrijuniversity.ac.in,287,5
registrar@msdsu.ac.in,288,4
vc@msdsu.ac.in,288,5
registrar@mssu.ac.in,289,4
vc@mssu.ac.in,289,5
registrar@mvvu.ac.in,290,4
vc@mvvu.ac.in,290,5
registrar@nagarjunauniversity.ac.in,291,4
vc@nagarjunauniversity.ac.in,291,5
registrar@nagpuruniversity.ac.in,292,4
vc@nagpuruniversity.ac.in,292,5
registrar@nlc.ac.in,293,4
vc@nlc.ac.in,293,5
registrar@nusrlranchi.ac.in,294,4
vc@nusrlranchi.ac.in,294,5
registrar@odiauniversity.ac.in,295,4
vc@odiauniversity.ac.in,295,5
registrar@pgportal.gov.in,296,4
vc@pgportal.gov.in,296,5
registrar@prsuniv.ac.in,297,4
vc@prsuniv.ac.in,297,5
registrar@psou.ac.in,298,4
vc@psou.ac.in,298,5
registrar@ptsnsuniversity.ac.in,299,4
vc@ptsnsuniversity.ac.in,299,5
registrar@ptu.ac.in,300,4
vc@ptu.ac.in,300,5
registrar@rajendrauniversity.ac.in,301,4
vc@rajendrauniversity.ac.in,301,5
registrar@rajuvas.ac.in,302,4
vc@rajuvas.ac.in,302,5
registrar@rajuvas.org,303,4
vc@rajuvas.org,303,5
registrar@ralvv.mponline.gov.in,304,4
vc@ralvv.mponline.gov.in,304,5
registrar@ravenshawuniversity.ac.in,305,4
vc@ravenshawuniversity.ac.in,305,5
registrar@rdwu.ac.in,306,4
vc@rdwu.ac.in,306,5
registrar@rmpssu.ac.in,307,4
vc@rmpssu.ac.in,307,5
registrar@rtionline.gov.in,308,4
vc@rtionline.gov.in,308,5
registrar@sbssu.ac.in,309,4
vc@sbssu.ac.in,309,5
registrar@sggu.ac.in,310,4
vc@sggu.ac.in,310,5
registrar@sgsu.gujarat.gov.in,311,4
vc@sgsu.gujarat.gov.in,311,5
registrar@shekhauni.ac.in,312,4
vc@shekhauni.ac.in,312,5
registrar@sibsagaruniversity.ac.in,313,4
vc@sibsagaruniversity.ac.in,313,5
registrar@sknau.ac.in,314,4
vc@sknau.ac.in,314,5
registrar@sssu.ac.in,315,4
vc@sssu.ac.in,315,5
registrar@svimstpt.ap.nic.in,316,4
vc@svimstpt.ap.nic.in,316,5
registrar@svuniversity.edu.in,317,4
vc@svuniversity.edu.in,317,5
registrar@tnjjmfau.in,318,4
vc@tnjjmfau.in,318,5
registrar@tnnlu.ac.in,319,4
vc@tnnlu.ac.in,319,5
registrar@uahs.edu.in,320,4
vc@uahs.edu.in,320,5
registrar@uamp.ugc.ac.in,321,4
vc@uamp.ugc.ac.in,321,5
registrar@uasmandya.co.in,322,4
vc@uasmandya.co.in,322,5
registrar@ugchindi.ugc.ac.in,323,4
vc@ugchindi.ugc.ac.in,323,5
registrar@universitysolutions.in,324,4
vc@universitysolutions.in,324,5
registrar@uol.ac.in,325,4
vc@uol.ac.in,325,5
registrar@uvce.ac.in,326,4
vc@uvce.ac.in,326,5
registrar@vksu.ac.in,327,4
vc@vksu.ac.in,327,5
registrar@vsu.ac.in,328,4
vc@vsu.ac.in,328,5
registrar@vsuraj.ac.in,329,4
vc@vsuraj.ac.in,329,5
registrar@waranauniversity.org,330,4
vc@waranauniversity.org,330,5
registrar@wbuhs.ac.in,331,4
vc@wbuhs.ac.in,331,5
registrar@alagappauniversity.ac.in,332,4
vc@alagappauniversity.ac.in,332,5
registrar@alujaipur.ac.in,333,4
vc@alujaipur.ac.in,333,5
registrar@andhrauniversity.edu.in,334,4
vc@andhrauniversity.edu.in,334,5
registrar@aujodhpur.ac.in,335,4
vc@aujodhpur.ac.in,335,5
registrar@basu.org.in,336,4
vc@basu.org.in,336,5
registrar@bdu.ac.in,337,4
vc@bdu.ac.in,337,5
registrar@bgku.ac.in,338,4
vc@bgku.ac.in,338,5
registrar@bilaspuruniversity.ac.in,339,4
vc@bilaspuruniversity.ac.in,339,5
registrar@biswabanglabiswabidyalay.org,340,4
vc@biswabanglabiswabidyalay.org,340,5
registrar@bknmu.edu.in,341,4
vc@bknmu.edu.in,341,5
registrar@bongaigaoncollege.ac.in,342,4
vc@bongaigaoncollege.ac.in,342,5
registrar@bput.ac.in,343,4
vc@bput.ac.in,343,5
registrar@braou.ac.in,344,4
vc@braou.ac.in,344,5
registrar@buodisha.edu.in,345,4
vc@buodisha.edu.in,345,5
registrar@buruniv.ac.in,346,4
vc@buruniv.ac.in,346,5
registrar@ccsuniversity.ac.in,347,4
vc@ccsuniversity.ac.in,347,5
registrar@cet.edu.in,348,4
vc@cet.edu.in,348,5
registrar@coeptech.ac.in,349,4
vc@coeptech.ac.in,349,5
registrar@cugujarat.ac.in,350,4
vc@cugujarat.ac.in,350,5
registrar@cuklap.ac.in,351,4
vc@cuklap.ac.in,351,5
registrar@cusat.ac.in,352,4
vc@cusat.ac.in,352,5
registrar@cusrinagar.edu.in,353,4
vc@cusrinagar.edu.in,353,5
registrar@ddu.ac.in,354,4
vc@ddu.ac.in,354,5
registrar@drrmlims.ac.in,355,4
vc@drrmlims.ac.in,355,5
registrar@education.gov.in,356,4
vc@education.gov.in,356,5
registrar@gbu.ac.in,357,4
vc@gbu.ac.in,357,5
registrar@ggtu.ac.in,358,4
vc@ggtu.ac.in,358,5
registrar@gndu.ac.in,359,4
vc@gndu.ac.in,359,5
registrar@gujaratuniversity.ac.in,360,4
vc@gujaratuniversity.ac.in,360,5
registrar@himtu.ac.in,361,4
vc@himtu.ac.in,361,5
registrar@hindiuniv.ac.in,362,4
vc@hindiuniv.ac.in,362,5
registrar@hpnlu.ac.in,363,4
vc@hpnlu.ac.in,363,5
registrar@igu.ac.in,364,4
vc@igu.ac.in,364,5
registrar@iiit-bh.ac.in,365,4
vc@iiit-bh.ac.in,365,5
registrar@iiitnr.ac.in,366,4
vc@iiitnr.ac.in,366,5
registrar@instagram.com,367,4
vc@instagram.com,367,5
registrar@janapadauniversity.ac.in,368,4
vc@janapadauniversity.ac.in,368,5
registrar@jcboseust.ac.in,369,4
vc@jcboseust.ac.in,369,5
registrar@kamdhenuuni.edu.in,370,4
vc@kamdhenuuni.edu.in,370,5
registrar@kanyashreeuniversity.in,371,4
vc@kanyashreeuniversity.in,371,5
registrar@ksus.ac.in,372,4
vc@ksus.ac.in,372,5
registrar@kvafsu.edu.in,373,4
vc@kvafsu.edu.in,373,5
registrar@kvasu.ac.in,374,4
vc@kvasu.ac.in,374,5
registrar@luvas.edu.in,375,4
vc@luvas.edu.in,375,5
registrar@mbm.ac.in,376,4
vc@mbm.ac.in,376,5
registrar@mdurohtak.ac.in,377,4
vc@mdurohtak.ac.in,377,5
registrar@mguwb.org.in,378,4
vc@mguwb.org.in,378,5
registrar@mhu.ac.in,379,4
vc@mhu.ac.in,379,5
registrar@mjpru.ac.in,380,4
vc@mjpru.ac.in,380,5
registrar@mkbhavuni.edu.in,381,4
vc@mkbhavuni.edu.in,381,5
registrar@mnlua.ac.in,382,4
vc@mnlua.ac.in,382,5
registrar@motherteresawomenuniv.ac.in,383,4
vc@motherteresawomenuniv.ac.in,383,5
registrar@mpdnlu.ac.in,384,4
vc@mpdnlu.ac.in,384,5
registrar@msubaroda.ac.in,385,4
vc@msubaroda.ac.in,385,5
registrar@msuniv.ac.in,386,4
vc@msuniv.ac.in,386,5
registrar@mungeruniversity.ac.in,387,4
vc@mungeruniversity.ac.in,387,5
registrar@muoc.ac.in,388,4
vc@muoc.ac.in,388,5
registrar@mvsu.ac.in,389,4
vc@mvsu.ac.in,389,5
registrar@nduat.org,390,4
vc@nduat.org,390,5
registrar@nlumeg.ac.in,391,4
vc@nlumeg.ac.in,391,5
registrar@nlunagpur.ac.in,392,4
vc@nlunagpur.ac.in,392,5
registrar@nlutripura.ac.in,393,4
vc@nlutripura.ac.in,393,5
registrar@nowgongcollege.edu.in,394,4
vc@nowgongcollege.edu.in,394,5
registrar@nsut.ac.in,395,4
vc@nsut.ac.in,395,5
registrar@osmania.ac.in,396,4
vc@osmania.ac.in,396,5
registrar@osou.ac.in,397,4
vc@osou.ac.in,397,5
registrar@oucwkoti.ac.in,398,4
vc@oucwkoti.ac.in,398,5
registrar@ouhs.ac.in,399,4
vc@ouhs.ac.in,399,5
registrar@pau.edu,400,4
vc@pau.edu,400,5
registrar@ptuniv.edu.in,401,4
vc@ptuniv.edu.in,401,5
registrar@purneauniversity.ac.in,402,4
vc@purneauniversity.ac.in,402,5
registrar@rayalaseemauniversity.ac.in,403,4
vc@rayalaseemauniversity.ac.in,403,5
registrar@rgpv.ac.in,404,4
vc@rgpv.ac.in,404,5
registrar@rrbmuniv.ac.in,405,4
vc@rrbmuniv.ac.in,405,5
registrar@rtuassam.ac.in,406,4
vc@rtuassam.ac.in,406,5
registrar@sanskritcollegeanduniversity.org.in,407,4
vc@sanskritcollegeanduniversity.org.in,407,5
registrar@sggcg.in,408,4
vc@sggcg.in,408,5
registrar@sportsuniup.com,409,4
vc@sportsuniup.com,409,5
registrar@suniv.ac.in,410,4
vc@suniv.ac.in,410,5
registrar@suoh.ac.in,411,4
vc@suoh.ac.in,411,5
registrar@svvu.edu.in,412,4
vc@svvu.edu.in,412,5
registrar@tamiluniversity.ac.in,413,4
vc@tamiluniversity.ac.in,413,5
registrar@tndalu.ac.in,414,4
vc@tndalu.ac.in,414,5
registrar@tnmgrmu.ac.in,415,4
vc@tnmgrmu.ac.in,415,5
registrar@tnou.ac.in,416,4
vc@tnou.ac.in,416,5
registrar@tnpesu.org,417,4
vc@tnpesu.org,417,5
registrar@tsvu.nic.in,418,4
vc@tsvu.nic.in,418,5
registrar@tvu.edu.in,419,4
vc@tvu.edu.in,419,5
registrar@ubkv.ac.in,420,4
vc@ubkv.ac.in,420,5
registrar@unikbp.ac.in,421,4
vc@unikbp.ac.in,421,5
registrar@uni-mysore.ac.in,422,4
vc@uni-mysore.ac.in,422,5
registrar@uok.ac.in,423,4
vc@uok.ac.in,423,5
registrar@uok.edu.in,424,4
vc@uok.edu.in,424,5
registrar@upums.ac.in,425,4
vc@upums.ac.in,425,5
registrar@usvv.ac.in,426,4
vc@usvv.ac.in,426,5
registrar@uuhf.ac.in,427,4
vc@uuhf.ac.in,427,5
registrar@vikramdevuniversity.ac.in,428,4
vc@vikramdevuniversity.ac.in,428,5
registrar@vnmkv.ac.in,429,4
vc@vnmkv.ac.in,429,5
registrar@wbnsou.ac.in,430,4
vc@wbnsou.ac.in,430,5
registrar@ycmou.ac.in,431,4
vc@ycmou.ac.in,431,5
registrar@ysrafu.ac.in,432,4
vc@ysrafu.ac.in,432,5
registrar@yisu.in,433,4
vc@yisu.in,433,5
registrar@yvu.edu.in,434,4
vc@yvu.edu.in,434,5
registrar@bvuniversity.edu.in,435,4
vc@bvuniversity.edu.in,435,5
registrar@jvbi.ac.in,436,4
vc@jvbi.ac.in,436,5
registrar@sliet.ac.in,437,4
vc@sliet.ac.in,437,5
registrar@amrita.edu,438,4
vc@amrita.edu,438,5
registrar@banasthali.org,439,4
vc@banasthali.org,439,5
registrar@bitmesra.ac.in,440,4
vc@bitmesra.ac.in,440,5
registrar@bsauniv.ac.in,441,4
vc@bsauniv.ac.in,441,5
registrar@christuniversity.in,442,4
vc@christuniversity.in,442,5
registrar@cife.edu.in,443,4
vc@cife.edu.in,443,5
registrar@cihts.ac.in,444,4
vc@cihts.ac.in,444,5
registrar@dmimsu.edu.in,445,4
vc@dmimsu.edu.in,445,5
registrar@dpu.edu.in,446,4
vc@dpu.edu.in,446,5
registrar@dypatil.ac.in,447,4
vc@dypatil.ac.in,447,5
registrar@gipe.ac.in,448,4
vc@gipe.ac.in,448,5
registrar@gitam.edu,449,4
vc@gitam.edu,449,5
registrar@gkv.ac.in,450,4
vc@gkv.ac.in,450,5
registrar@gujaratvidyapith.org,451,4
vc@gujaratvidyapith.org,451,5
registrar@hbni.ac.in,452,4
vc@hbni.ac.in,452,5
registrar@iacs.res.in,453,4
vc@iacs.res.in,453,5
registrar@iari.res.in,454,4
vc@iari.res.in,454,5
registrar@iaseuniversity.org.in,455,4
vc@iaseuniversity.org.in,455,5
registrar@icfre.org,456,4
vc@icfre.org,456,5
registrar@ifheindia.org,457,4
vc@ifheindia.org,457,5
registrar@igidr.ac.in,458,4
vc@igidr.ac.in,458,5
registrar@iift.edu,459,4
vc@iift.edu,459,5
registrar@iiit.ac.in,460,4
vc@iiit.ac.in,460,5
registrar@iiitb.ac.in,461,4
vc@iiitb.ac.in,461,5
registrar@iist.ac.in,462,4
vc@iist.ac.in,462,5
registrar@ivri.nic.in,463,4
vc@ivri.nic.in,463,5
registrar@jamiahamdard.edu,464,4
vc@jamiahamdard.edu,464,5
registrar@jiit.ac.in,465,4
vc@jiit.ac.in,465,5
registrar@jncasr.ac.in,466,4
vc@jncasr.ac.in,466,5
registrar@kluniversity.in,467,4
vc@kluniversity.in,467,5
registrar@lnipe.edu.in,468,4
vc@lnipe.edu.in,468,5
registrar@lnmiit.ac.in,469,4
vc@lnmiit.ac.in,469,5
registrar@manipal.edu,470,4
vc@manipal.edu,470,5
registrar@nbrc.ac.in,471,4
vc@nbrc.ac.in,471,5
registrar@nerist.ac.in,472,4
vc@nerist.ac.in,472,5
registrar@ngbv.ac.in,473,4
vc@ngbv.ac.in,473,5
registrar@niepa.ac.in,474,4
vc@niepa.ac.in,474,5
registrar@nitte.edu.in,475,4
vc@nitte.edu.in,475,5
registrar@niuniv.com,476,4
vc@niuniv.com,476,5
registrar@prist.ac.in,477,4
vc@prist.ac.in,477,5
registrar@rkmvu.ac.in,478,4
vc@rkmvu.ac.in,478,5
registrar@sahetumkur.ac.in,479,4
vc@sahetumkur.ac.in,479,5
registrar@sastra.edu,480,4
vc@sastra.edu,480,5
registrar@saveetha.com,481,4
vc@saveetha.com,481,5
registrar@sbvu.ac.in,482,4
vc@sbvu.ac.in,482,5
registrar@sduu.ac.in,483,4
vc@sduu.ac.in,483,5
registrar@shiats.edu.in,484,4
vc@shiats.edu.in,484,5
registrar@shobhituniversity.ac.in,485,4
vc@shobhituniversity.ac.in,485,5
registrar@siu.edu.in,486,4
vc@siu.edu.in,486,5
registrar@spiher.ac.in,487,4
vc@spiher.ac.in,487,5
registrar@srmist.edu.in,488,4
vc@srmist.edu.in,488,5
registrar@sssihl.edu.in,489,4
vc@sssihl.edu.in,489,5
registrar@sumandeepvidyapeethdu.edu.in,490,4
vc@sumandeepvidyapeethdu.edu.in,490,5
registrar@tmv.edu.in,491,4
vc@tmv.edu.in,491,5
registrar@velsuniv.ac.in,492,4
vc@velsuniv.ac.in,492,5
registrar@yenepoya.edu.in,493,4
vc@yenepoya.edu.in,493,5
registrar@avinuty.ac.in,494,4
vc@avinuty.ac.in,494,5
registrar@bldedu.ac.in,495,4
vc@bldedu.ac.in,495,5
registrar@care.edu.in,496,4
vc@care.edu.in,496,5
registrar@chaitanya.edu.in,497,4
vc@chaitanya.edu.in,497,5
registrar@cibs.ac.in,498,4
vc@cibs.ac.in,498,5
registrar@dypatilunikop.org,499,4
vc@dypatilunikop.org,499,5
registrar@ftii.ac.in,500,4
vc@ftii.ac.in,500,5
registrar@gmrit.edu.in,501,4
vc@gmrit.edu.in,501,5
registrar@heartfulness.org,502,4
vc@heartfulness.org,502,5
registrar@hindustanuniv.ac.in,503,4
vc@hindustanuniv.ac.in,503,5
registrar@iifm.ac.in,504,4
vc@iifm.ac.in,504,5
registrar@iihs.co.in,505,4
vc@iihs.co.in,505,5
registrar@iisc.ac.in,506,4
vc@iisc.ac.in,506,5
registrar@ili.ac.in,507,4
vc@ili.ac.in,507,5
registrar@jrnrvu.edu.in,508,4
vc@jrnrvu.edu.in,508,5
registrar@kahedu.edu.in,509,4
vc@kahedu.edu.in,509,5
registrar@kaher.edu.in,510,4
vc@kaher.edu.in,510,5
registrar@kalasalingam.ac.in,511,4
vc@kalasalingam.ac.in,511,5
registrar@kanchiuniv.ac.in,512,4
vc@kanchiuniv.ac.in,512,5
registrar@khsindia.org,513,4
vc@khsindia.org,513,5
registrar@kiit.ac.in,514,4
vc@kiit.ac.in,514,5
registrar@kiss.ac.in,515,4
vc@kiss.ac.in,515,5
registrar@kristujayanti.edu.in,516,4
vc@kristujayanti.edu.in,516,5
registrar@kvv.edu.in,517,4
vc@kvv.edu.in,517,5
registrar@maher.ac.in,518,4
vc@maher.ac.in,518,5
registrar@manavrachna.edu.in,519,4
vc@manavrachna.edu.in,519,5
registrar@mits.ac.in,520,4
vc@mits.ac.in,520,5
registrar@mrdu.edu.in,521,4
vc@mrdu.edu.in,521,5
registrar@ndri.res.in,522,4
vc@ndri.res.in,522,5
registrar@niamt.ac.in,523,4
vc@niamt.ac.in,523,5
registrar@nitttrbpl.ac.in,524,4
vc@nitttrbpl.ac.in,524,5
registrar@nriit.edu.in,525,4
vc@nriit.edu.in,525,5
registrar@pec.ac.in,526,4
vc@pec.ac.in,526,5
registrar@phfi.org,527,4
vc@phfi.org,527,5
registrar@pimrindore.ac.in,528,4
vc@pimrindore.ac.in,528,5
registrar@santosh.ac.in,529,4
vc@santosh.ac.in,529,5
registrar@srfti.ac.in,530,4
vc@srfti.ac.in,530,5
registrar@svyasa.edu.in,531,4
vc@svyasa.edu.in,531,5
registrar@vignan.ac.in,532,4
vc@vignan.ac.in,532,5
registrar@vit.ac.in,533,4
vc@vit.ac.in,533,5
registrar@vmrfdu.edu.in,534,4
vc@vmrfdu.edu.in,534,5
registrar@web.mitsgwalior.in,535,4
vc@web.mitsgwalior.in,535,5
registrar@ametuniv.ac.in,536,4
vc@ametuniv.ac.in,536,5
registrar@audisankara.ac.in,537,4
vc@audisankara.ac.in,537,5
registrar@aurora.ac.in,538,4
vc@aurora.ac.in,538,5
registrar@bharathuniv.ac.in,539,4
vc@bharathuniv.ac.in,539,5
registrar@bits-pilani.ac.in,540,4
vc@bits-pilani.ac.in,540,5
registrar@cit.ac.in,541,4
vc@cit.ac.in,541,5
registrar@cmi.ac.in,542,4
vc@cmi.ac.in,542,5
registrar@cvv.ac.in,543,4
vc@cvv.ac.in,543,5
registrar@dcpune.ac.in,544,4
vc@dcpune.ac.in,544,5
registrar@dei.ac.in,545,4
vc@dei.ac.in,545,5
registrar@diat.ac.in,546,4
vc@diat.ac.in,546,5
registrar@drmgrdu.ac.in,547,4
vc@drmgrdu.ac.in,547,5
registrar@geu.ac.in,548,4
vc@geu.ac.in,548,5
registrar@ictmumbai.edu.in,549,4
vc@ictmumbai.edu.in,549,5
registrar@iipsindia.ac.in,550,4
vc@iipsindia.ac.in,550,5
registrar@iisuniv.ac.in,551,4
vc@iisuniv.ac.in,551,5
registrar@ilbs.in,552,4
vc@ilbs.in,552,5
registrar@kalamandalam.ac.in,553,4
vc@kalamandalam.ac.in,553,5
registrar@karunya.edu,554,4
vc@karunya.edu,554,5
registrar@kiet.edu,555,4
vc@kiet.edu,555,5
registrar@lingayasuniversity.edu.in,556,4
vc@lingayasuniversity.edu.in,556,5
registrar@mallareddyvishwavidyapeeth.com,557,4
vc@mallareddyvishwavidyapeeth.com,557,5
registrar@mgmuhs.com,558,4
vc@mgmuhs.com,558,5
registrar@mmumullana.org,559,4
vc@mmumullana.org,559,5
registrar@nia.nic.in,560,4
vc@nia.nic.in,560,5
registrar@nitttrc.ac.in,561,4
vc@nitttrc.ac.in,561,5
registrar@nitttrchd.ac.in,562,4
vc@nitttrchd.ac.in,562,5
registrar@nitttrkol.ac.in,563,4
vc@nitttrkol.ac.in,563,5
registrar@nmims.edu,564,4
vc@nmims.edu,564,5
registrar@nnm.ac.in,565,4
vc@nnm.ac.in,565,5
registrar@pmu.edu,566,4
vc@pmu.edu,566,5
registrar@pravara.com,567,4
vc@pravara.com,567,5
registrar@ruraluniv.ac.in,568,4
vc@ruraluniv.ac.in,568,5
registrar@sathyabama.ac.in,569,4
vc@sathyabama.ac.in,569,5
registrar@sirjjschoolofart.in,570,4
vc@sirjjschoolofart.in,570,5
registrar@soa.ac.in,571,4
vc@soa.ac.in,571,5
registrar@sriramachandra.edu.in,572,4
vc@sriramachandra.edu.in,572,5
registrar@staloysius.edu.in,573,4
vc@staloysius.edu.in,573,5
registrar@tcetmumbai.in,574,4
vc@tcetmumbai.in,574,5
registrar@tcgcrest.org,575,4
vc@tcgcrest.org,575,5
registrar@terisas.ac.in,576,4
vc@terisas.ac.in,576,5
registrar@thapar.edu,577,4
vc@thapar.edu,577,5
registrar@tifr.res.in,578,4
vc@tifr.res.in,578,5
registrar@tiss.edu,579,4
vc@tiss.edu,579,5
registrar@veltech.edu.in,580,4
vc@veltech.edu.in,580,5
registrar@vrsiddhartha.ac.in,581,4
vc@vrsiddhartha.ac.in,581,5
registrar@igtamsu.ac.in.,582,4
vc@igtamsu.ac.in.,582,5
registrar@mbu.asia,583,4
vc@mbu.asia,583,5
registrar@abhilashiuniversity.com,584,4
vc@abhilashiuniversity.com,584,5
registrar@abhyudayuniversity.com,585,4
vc@abhyudayuniversity.com,585,5
registrar@bhagwantuniversity.com,586,4
vc@bhagwantuniversity.com,586,5
registrar@capitaluniversitysikkim.com,587,4
vc@capitaluniversitysikkim.com,587,5
registrar@cmchbhopal.com,588,4
vc@cmchbhopal.com,588,5
registrar@dknmuncr.com,589,4
vc@dknmuncr.com,589,5
registrar@ethicsuniversityuk.com,590,4
vc@ethicsuniversityuk.com,590,5
registrar@gdgoenkauniversity.com,591,4
vc@gdgoenkauniversity.com,591,5
registrar@geetanjaliuniversity.com,592,4
vc@geetanjaliuniversity.com,592,5
registrar@himalayanuniversity.com,593,4
vc@himalayanuniversity.com,593,5
registrar@iimtu.com,594,4
vc@iimtu.com,594,5
registrar@iiuler.com,595,4
vc@iiuler.com,595,5
registrar@jodhpurnationaluniversity.com,596,4
vc@jodhpurnationaluniversity.com,596,5
registrar@jvwomensuniv.com,597,4
vc@jvwomensuniv.com,597,5
registrar@karnavatiuniversity.com,598,4
vc@karnavatiuniversity.com,598,5
registrar@malwanchaluniversity.com,599,4
vc@malwanchaluniversity.com,599,5
registrar@matagujriuniversity.com,600,4
vc@matagujriuniversity.com,600,5
registrar@mgusikkim.com,601,4
vc@mgusikkim.com,601,5
registrar@mituniversitysikkim.com,602,4
vc@mituniversitysikkim.com,602,5
registrar@mjrpuniversity.com,603,4
vc@mjrpuniversity.com,603,5
registrar@mmyvv.com,604,4
vc@mmyvv.com,604,5
registrar@mumt.com,605,4
vc@mumt.com,605,5
registrar@patanjaliuniversity.com,606,4
vc@patanjaliuniversity.com,606,5
registrar@phonicsuniversity.com,607,4
vc@phonicsuniversity.com,607,5
registrar@rayatbahrahsp.com,608,4
vc@rayatbahrahsp.com,608,5
registrar@sainathuniversity.com,609,4
vc@sainathuniversity.com,609,5
registrar@shooliniuniversity.com,610,4
vc@shooliniuniversity.com,610,5
registrar@shridavarauniversity.com,611,4
vc@shridavarauniversity.com,611,5
registrar@shrishankaracharyauniversity.com,612,4
vc@shrishankaracharyauniversity.com,612,5
registrar@sikkiminternationaluniversity.com,613,4
vc@sikkiminternationaluniversity.com,613,5
registrar@skduniversity.com,614,4
vc@skduniversity.com,614,5
registrar@skuindia.com,615,4
vc@skuindia.com,615,5
registrar@sonadeviuniversity.com,616,4
vc@sonadeviuniversity.com,616,5
registrar@starexuniversity.com,617,4
vc@starexuniversity.com,617,5
registrar@tantiauniversity.com,618,4
vc@tantiauniversity.com,618,5
registrar@amity.edu,619,4
vc@amity.edu,619,5
registrar@university.apeejay.edu,620,4
vc@university.apeejay.edu,620,5
registrar@giet.edu,621,4
vc@giet.edu,621,5
registrar@iilm.edu,622,4
vc@iilm.edu,622,5
registrar@jaipur.manipal.edu,623,4
vc@jaipur.manipal.edu,623,5
registrar@ncuindia.edu,624,4
vc@ncuindia.edu,624,5
registrar@nist.edu,625,4
vc@nist.edu,625,5
registrar@pes.edu,626,4
vc@pes.edu,626,5
registrar@raiuniversity.edu,627,4
vc@raiuniversity.edu,627,5
registrar@somaiya.edu,628,4
vc@somaiya.edu,628,5
registrar@eternaluniversity.edu.i,629,4
vc@eternaluniversity.edu.i,629,5
registrar@abvsu.ac.in,630,4
vc@abvsu.ac.in,630,5
registrar@adamasuniversity.ac.in,631,4
vc@adamasuniversity.ac.in,631,5
registrar@adaniuni.ac.in,632,4
vc@adaniuni.ac.in,632,5
registrar@adeshuniversity.ac.in,633,4
vc@adeshuniversity.ac.in,633,5
registrar@ahu.ac.in,634,4
vc@ahu.ac.in,634,5
registrar@aiph.ac.in,635,4
vc@aiph.ac.in,635,5
registrar@aisectuniversityjharkhand.ac.in,636,4
vc@aisectuniversityjharkhand.ac.in,636,5
registrar@aksuniversity.ac.in,637,4
vc@aksuniversity.ac.in,637,5
registrar@amrapali.ac.in,638,4
vc@amrapali.ac.in,638,5
registrar@anjaneyauniversity.ac.in,639,4
vc@anjaneyauniversity.ac.in,639,5
registrar@arkajainuniversity.ac.in,640,4
vc@arkajainuniversity.ac.in,640,5
registrar@arunachaluniversity.ac.in,641,4
vc@arunachaluniversity.ac.in,641,5
registrar@arunodayauniversity.ac.in,642,4
vc@arunodayauniversity.ac.in,642,5
registrar@asbm.ac.in,643,4
vc@asbm.ac.in,643,5
registrar@atmiyauni.ac.in,644,4
vc@atmiyauni.ac.in,644,5
registrar@auindia.ac.in,645,4
vc@auindia.ac.in,645,5
registrar@baddiuniv.ac.in,646,4
vc@baddiuniv.ac.in,646,5
registrar@bbdu.ac.in,647,4
vc@bbdu.ac.in,647,5
registrar@bdsu.ac.in,648,4
vc@bdsu.ac.in,648,5
registrar@bgu.ac.in,649,4
vc@bgu.ac.in,649,5
registrar@birtikendrajituniversity.ac.in,650,4
vc@birtikendrajituniversity.ac.in,650,5
registrar@bmu.ac.in,651,4
vc@bmu.ac.in,651,5
registrar@bmusurat.ac.in,652,4
vc@bmusurat.ac.in,652,5
registrar@bnuniversity.ac.in,653,4
vc@bnuniversity.ac.in,653,5
registrar@brainwareuniversity.ac.in,654,4
vc@brainwareuniversity.ac.in,654,5
registrar@cept.ac.in,655,4
vc@cept.ac.in,655,5
registrar@cgu-odisha.ac.in,656,4
vc@cgu-odisha.ac.in,656,5
registrar@charusat.ac.in,657,4
vc@charusat.ac.in,657,5
registrar@csmu.ac.in,658,4
vc@csmu.ac.in,658,5
registrar@cushahuniversity.ac.in,659,4
vc@cushahuniversity.ac.in,659,5
registrar@cutm.ac.in,660,4
vc@cutm.ac.in,660,5
registrar@cutmap.ac.in,661,4
vc@cutmap.ac.in,661,5
registrar@cvru.ac.in,662,4
vc@cvru.ac.in,662,5
registrar@cvrubihar.ac.in,663,4
vc@cvrubihar.ac.in,663,5
registrar@daiict.ac.in,664,4
vc@daiict.ac.in,664,5
registrar@darshan.ac.in,665,4
vc@darshan.ac.in,665,5
registrar@dbuniversity.ac.in,666,4
vc@dbuniversity.ac.in,666,5
registrar@driems.ac.in,667,4
vc@driems.ac.in,667,5
registrar@dsuniversity.ac.in,668,4
vc@dsuniversity.ac.in,668,5
registrar@dsvv.ac.in,669,4
vc@dsvv.ac.in,669,5
registrar@durgasorenuniversity.ac.in,670,4
vc@durgasorenuniversity.ac.in,670,5
registrar@dypiu.ac.in,671,4
vc@dypiu.ac.in,671,5
registrar@eklavyauniversity.ac.in,672,4
vc@eklavyauniversity.ac.in,672,5
registrar@gandhinagaruni.ac.in,673,4
vc@gandhinagaruni.ac.in,673,5
registrar@ganpatuniversity.ac.in,674,4
vc@ganpatuniversity.ac.in,674,5
registrar@gcuniversity.ac.in,675,4
vc@gcuniversity.ac.in,675,5
registrar@gehu.ac.in,676,4
vc@gehu.ac.in,676,5
registrar@gla.ac.in,677,4
vc@gla.ac.in,677,5
registrar@glsuniversity.ac.in,678,4
vc@glsuniversity.ac.in,678,5
registrar@gmu.ac.in,679,4
vc@gmu.ac.in,679,5
registrar@gnsu.ac.in,680,4
vc@gnsu.ac.in,680,5
registrar@gokuluniversity.ac.in,681,4
vc@gokuluniversity.ac.in,681,5
registrar@gsuniversity.ac.in,682,4
vc@gsuniversity.ac.in,682,5
registrar@gyanodayauniversity.ac.in,683,4
vc@gyanodayauniversity.ac.in,683,5
registrar@hgu.ac.in,684,4
vc@hgu.ac.in,684,5
registrar@hrit.ac.in,685,4
vc@hrit.ac.in,685,5
registrar@huroorkee.ac.in,686,4
vc@huroorkee.ac.in,686,5
registrar@iar.ac.in,687,4
vc@iar.ac.in,687,5
registrar@iecuniversity.ac.in,688,4
vc@iecuniversity.ac.in,688,5
registrar@iesuniversity.ac.in,689,4
vc@iesuniversity.ac.in,689,5
registrar@iftmuniversity.ac.in,690,4
vc@iftmuniversity.ac.in,690,5
registrar@iilm.ac.in,691,4
vc@iilm.ac.in,691,5
registrar@indusuni.ac.in,692,4
vc@indusuni.ac.in,692,5
registrar@isu.ac.in,693,4
vc@isu.ac.in,693,5
registrar@itm.ac.in,694,4
vc@itm.ac.in,694,5
registrar@itmbu.ac.in,695,4
vc@itmbu.ac.in,695,5
registrar@jagannathuniversityncr.ac.in,696,4
vc@jagannathuniversityncr.ac.in,696,5
registrar@jaypeeu.ac.in,697,4
vc@jaypeeu.ac.in,697,5
registrar@jisuniversity.ac.in,698,4
vc@jisuniversity.ac.in,698,5
registrar@jjtu.ac.in,699,4
vc@jjtu.ac.in,699,5
registrar@jmau.ac.in,700,4
vc@jmau.ac.in,700,5
registrar@jnujaipur.ac.in,701,4
vc@jnujaipur.ac.in,701,5
registrar@jspmuni.ac.in,702,4
vc@jspmuni.ac.in,702,5
registrar@juet.ac.in,703,4
vc@juet.ac.in,703,5
registrar@juit.ac.in,704,4
vc@juit.ac.in,704,5
registrar@kalingauniversity.ac.in,705,4
vc@kalingauniversity.ac.in,705,5
registrar@khalsauniversity.ac.in,706,4
vc@khalsauniversity.ac.in,706,5
registrar@kkuniversity.ac.in,707,4
vc@kkuniversity.ac.in,707,5
registrar@kletech.ac.in,708,4
vc@kletech.ac.in,708,5
registrar@kpgu.ac.in,709,4
vc@kpgu.ac.in,709,5
registrar@lnctu.ac.in,710,4
vc@lnctu.ac.in,710,5
registrar@lnctvu.ac.in,711,4
vc@lnctvu.ac.in,711,5
registrar@ltsu.ac.in,712,4
vc@ltsu.ac.in,712,5
registrar@lyu.ac.in,713,4
vc@lyu.ac.in,713,5
registrar@maharishiuniversity.ac.in,714,4
vc@maharishiuniversity.ac.in,714,5
registrar@mallareddyuniversity.ac.in,715,4
vc@mallareddyuniversity.ac.in,715,5
registrar@marwadiuniversity.ac.in,716,4
vc@marwadiuniversity.ac.in,716,5
registrar@matsuniversity.ac.in,717,4
vc@matsuniversity.ac.in,717,5
registrar@mauj.ac.in,718,4
vc@mauj.ac.in,718,5
registrar@medicaps.ac.in,719,4
vc@medicaps.ac.in,719,5
registrar@mgmu.ac.in,720,4
vc@mgmu.ac.in,720,5
registrar@mgug.ac.in,721,4
vc@mgug.ac.in,721,5
registrar@mitvpu.ac.in,722,4
vc@mitvpu.ac.in,722,5
registrar@mku.ac.in,723,4
vc@mku.ac.in,723,5
registrar@modyuniversity.ac.in,724,4
vc@modyuniversity.ac.in,724,5
registrar@monarkuni.ac.in,725,4
vc@monarkuni.ac.in,725,5
registrar@mpu.ac.in,726,4
vc@mpu.ac.in,726,5
registrar@msds.ac.in,727,4
vc@msds.ac.in,727,5
registrar@msruas.ac.in,728,4
vc@msruas.ac.in,728,5
registrar@mssv.ac.in,729,4
vc@mssv.ac.in,729,5
registrar@mvgu.ac.in,730,4
vc@mvgu.ac.in,730,5
registrar@nicmar.ac.in,731,4
vc@nicmar.ac.in,731,5
registrar@nirmauni.ac.in,732,4
vc@nirmauni.ac.in,732,5
registrar@nirwanuniversity.ac.in,733,4
vc@nirwanuniversity.ac.in,733,5
registrar@nobleuniversity.ac.in,734,4
vc@nobleuniversity.ac.in,734,5
registrar@nsuniv.ac.in,735,4
vc@nsuniv.ac.in,735,5
registrar@nuv.ac.in,736,4
vc@nuv.ac.in,736,5
registrar@opju.ac.in,737,4
vc@opju.ac.in,737,5
registrar@osgu.ac.in,738,4
vc@osgu.ac.in,738,5
registrar@paruluniversity.ac.in,739,4
vc@paruluniversity.ac.in,739,5
registrar@pdm.ac.in,740,4
vc@pdm.ac.in,740,5
registrar@pdpu.ac.in,741,4
vc@pdpu.ac.in,741,5
registrar@ppsu.ac.in,742,4
vc@ppsu.ac.in,742,5
registrar@ramauniversity.ac.in,743,4
vc@ramauniversity.ac.in,743,5
registrar@renaissance.ac.in,744,4
vc@renaissance.ac.in,744,5
registrar@rimt.ac.in,745,4
vc@rimt.ac.in,745,5
registrar@rku.ac.in,746,4
vc@rku.ac.in,746,5
registrar@rntu.ac.in,747,4
vc@rntu.ac.in,747,5
registrar@rungta.ac.in,748,4
vc@rungta.ac.in,748,5
registrar@saitirupatiuniversity.ac.in,749,4
vc@saitirupatiuniversity.ac.in,749,5
registrar@samglobaluniversity.ac.in,750,4
vc@samglobaluniversity.ac.in,750,5
registrar@sangamuniversity.ac.in,751,4
vc@sangamuniversity.ac.in,751,5
registrar@sanjayghodawatuniversity.ac.in,752,4
vc@sanjayghodawatuniversity.ac.in,752,5
registrar@sarvajanikuniversity.ac.in,753,4
vc@sarvajanikuniversity.ac.in,753,5
registrar@sbbsuniversity.ac.in,754,4
vc@sbbsuniversity.ac.in,754,5
registrar@sbu.ac.in,755,4
vc@sbu.ac.in,755,5
registrar@sgrru.ac.in,756,4
vc@sgrru.ac.in,756,5
registrar@sgsuniversity.ac.in,757,4
vc@sgsuniversity.ac.in,757,5
registrar@sgtuniversity.ac.in,758,4
vc@sgtuniversity.ac.in,758,5
registrar@agra.sharda.ac.in,759,4
vc@agra.sharda.ac.in,759,5
registrar@sharda.ac.in,760,4
vc@sharda.ac.in,760,5
registrar@shreyarthuni.ac.in,761,4
vc@shreyarthuni.ac.in,761,5
registrar@sigmauniversity.ac.in,762,4
vc@sigmauniversity.ac.in,762,5
registrar@sikkimskilluniversity.ac.in,763,4
vc@sikkimskilluniversity.ac.in,763,5
registrar@silicon.ac.in,764,4
vc@silicon.ac.in,764,5
registrar@silveroakuni.ac.in,765,4
vc@silveroakuni.ac.in,765,5
registrar@sju.ac.in,766,4
vc@sju.ac.in,766,5
registrar@sksinternationaluniversity.ac.in,767,4
vc@sksinternationaluniversity.ac.in,767,5
registrar@snuniv.ac.in,768,4
vc@snuniv.ac.in,768,5
registrar@spsu.ac.in,769,4
vc@spsu.ac.in,769,5
registrar@spu.ac.in,770,4
vc@spu.ac.in,770,5
registrar@spubgt.ac.in,771,4
vc@spubgt.ac.in,771,5
registrar@srmu.ac.in,772,4
vc@srmu.ac.in,772,5
registrar@srmuniversity.ac.in,773,4
vc@srmuniversity.ac.in,773,5
registrar@srmus.ac.in,774,4
vc@srmus.ac.in,774,5
registrar@sruraipur.ac.in,775,4
vc@sruraipur.ac.in,775,5
registrar@sspu.ac.in,776,4
vc@sspu.ac.in,776,5
registrar@suas.ac.in,777,4
vc@suas.ac.in,777,5
registrar@sug.ac.in,778,4
vc@sug.ac.in,778,5
registrar@suni.ac.in,779,4
vc@suni.ac.in,779,5
registrar@svgu.ac.in,780,4
vc@svgu.ac.in,780,5
registrar@svkmnmimsgu.ac.in,781,4
vc@svkmnmimsgu.ac.in,781,5
registrar@svuniversity.ac.in,782,4
vc@svuniversity.ac.in,782,5
registrar@swamivivekanandauniversity.ac.in,783,4
vc@swamivivekanandauniversity.ac.in,783,5
registrar@takshashilauniv.ac.in,784,4
vc@takshashilauniv.ac.in,784,5
registrar@technoindiauniversity.ac.in,785,4
vc@technoindiauniversity.ac.in,785,5
registrar@tiut.ac.in,786,4
vc@tiut.ac.in,786,5
registrar@tmu.ac.in,787,4
vc@tmu.ac.in,787,5
registrar@umu.ac.in,788,4
vc@umu.ac.in,788,5
registrar@upes.ac.in,789,4
vc@upes.ac.in,789,5
registrar@upluniversity.ac.in,790,4
vc@upluniversity.ac.in,790,5
registrar@utu.ac.in,791,4
vc@utu.ac.in,791,5
registrar@vgu.ac.in,792,4
vc@vgu.ac.in,792,5
registrar@vidhyadeepuni.ac.in,793,4
vc@vidhyadeepuni.ac.in,793,5
registrar@vitap.ac.in,794,4
vc@vitap.ac.in,794,5
registrar@vitbhopal.ac.in,795,4
vc@vitbhopal.ac.in,795,5
registrar@vivekuniversity.ac.in,796,4
vc@vivekuniversity.ac.in,796,5
registrar@vou.ac.in,797,4
vc@vou.ac.in,797,5
registrar@vupune.ac.in,798,4
vc@vupune.ac.in,798,5
registrar@vvitu.ac.in,799,4
vc@vvitu.ac.in,799,5
registrar@vvwusurat.ac.in,800,4
vc@vvwusurat.ac.in,800,5
registrar@williamcareyuniversity.ac.in,801,4
vc@williamcareyuniversity.ac.in,801,5
registrar@worlduniversityofdesign.ac.in,802,4
vc@worlduniversityofdesign.ac.in,802,5
registrar@xup.ac.in,803,4
vc@xup.ac.in,803,5
registrar@ybnu.ac.in,804,4
vc@ybnu.ac.in,804,5
registrar@adityauniversity.in,805,4
vc@adityauniversity.in,805,5
registrar@adtu.in,806,4
vc@adtu.in,806,5
registrar@amaltasuniversity.in,807,4
vc@amaltasuniversity.in,807,5
registrar@arni.in,808,4
vc@arni.in,808,5
registrar@auniv.in,809,4
vc@auniv.in,809,5
registrar@cgcuniversity.in,810,4
vc@cgcuniversity.in,810,5
registrar@apexuniversity.co.in,811,4
vc@apexuniversity.co.in,811,5
registrar@sikkimglobaltechnicaluniversity.co.in,812,4
vc@sikkimglobaltechnicaluniversity.co.in,812,5
registrar@singhaniauniversity.co.in,813,4
vc@singhaniauniversity.co.in,813,5
registrar@sssutms.co.in,814,4
vc@sssutms.co.in,814,5
registrar@coeruniversity.in,815,4
vc@coeruniversity.in,815,5
registrar@cpuh.in,816,4
vc@cpuh.in,816,5
registrar@cpur.in,817,4
vc@cpur.in,817,5
registrar@ctuniversity.in,818,4
vc@ctuniversity.in,818,5
registrar@cuchd.in,819,4
vc@cuchd.in,819,5
registrar@culko.in,820,4
vc@culko.in,820,5
registrar@ddibu.in,821,4
vc@ddibu.in,821,5
registrar@deshbhagatuniversity.in,822,4
vc@deshbhagatuniversity.in,822,5
registrar@aaft.edu.in,823,4
vc@aaft.edu.in,823,5
registrar@acu.edu.in,824,4
vc@acu.edu.in,824,5
registrar@adypu.edu.in,825,4
vc@adypu.edu.in,825,5
registrar@agu.edu.in,826,4
vc@agu.edu.in,826,5
registrar@ahduni.edu.in,827,4
vc@ahduni.edu.in,827,5
registrar@aiu.edu.in,828,4
vc@aiu.edu.in,828,5
registrar@aiuniversity.edu.in,829,4
vc@aiuniversity.edu.in,829,5
registrar@alarduniversity.edu.in,830,4
vc@alarduniversity.edu.in,830,5
registrar@alfalahuniversity.edu.in,831,4
vc@alfalahuniversity.edu.in,831,5
registrar@alkarimuniversity.edu.in,832,4
vc@alkarimuniversity.edu.in,832,5
registrar@alliance.edu.in,833,4
vc@alliance.edu.in,833,5
registrar@annamacharyauniversity.edu.in,834,4
vc@annamacharyauniversity.edu.in,834,5
registrar@anu.edu.in,835,4
vc@anu.edu.in,835,5
registrar@apexuniversity.edu.in,836,4
vc@apexuniversity.edu.in,836,5
registrar@apollouniversity.edu.in,837,4
vc@apollouniversity.edu.in,837,5
registrar@atlasuniversity.edu.in,838,4
vc@atlasuniversity.edu.in,838,5
registrar@atriauniversity.edu.in,839,4
vc@atriauniversity.edu.in,839,5
registrar@aurouniversity.edu.in,840,4
vc@aurouniversity.edu.in,840,5
registrar@avantikauniversity.edu.in,841,4
vc@avantikauniversity.edu.in,841,5
registrar@azimpremjiuniversity.edu.in,842,4
vc@azimpremjiuniversity.edu.in,842,5
registrar@bahrauniversity.edu.in,843,4
vc@bahrauniversity.edu.in,843,5
registrar@bennett.edu.in,844,4
vc@bennett.edu.in,844,5
registrar@bestiu.edu.in,845,4
vc@bestiu.edu.in,845,5
registrar@bhabhauniversity.edu.in,846,4
vc@bhabhauniversity.edu.in,846,5
registrar@bhaikakauniv.edu.in,847,4
vc@bhaikakauniv.edu.in,847,5
registrar@biu.edu.in,848,4
vc@biu.edu.in,848,5
registrar@bmu.edu.in,849,4
vc@bmu.edu.in,849,5
registrar@chanakyauniversity.edu.in,850,4
vc@chanakyauniversity.edu.in,850,5
registrar@chitkara.edu.in,851,4
vc@chitkara.edu.in,851,5
registrar@chitkarauniversity.edu.in,852,4
vc@chitkarauniversity.edu.in,852,5
registrar@cmjumeghalaya.edu.in,853,4
vc@cmjumeghalaya.edu.in,853,5
registrar@cmr.edu.in,854,4
vc@cmr.edu.in,854,5
registrar@cvmu.edu.in,855,4
vc@cvmu.edu.in,855,5
registrar@despu.edu.in,856,4
vc@despu.edu.in,856,5
registrar@dituniversity.edu.in,857,4
vc@dituniversity.edu.in,857,5
registrar@drpaiu.edu.in,858,4
vc@drpaiu.edu.in,858,5
registrar@dsu.edu.in,859,4
vc@dsu.edu.in,859,5
registrar@dyp-atu.edu.in,860,4
vc@dyp-atu.edu.in,860,5
registrar@dypatiluniversitypune.edu.in,861,4
vc@dypatiluniversitypune.edu.in,861,5
registrar@dypdpu.edu.in,862,4
vc@dypdpu.edu.in,862,5
registrar@flame.edu.in,863,4
vc@flame.edu.in,863,5
registrar@fsu.edu.in,864,4
vc@fsu.edu.in,864,5
registrar@galgotiasuniversity.edu.in,865,4
vc@galgotiasuniversity.edu.in,865,5
registrar@geetauniversity.edu.in,866,4
vc@geetauniversity.edu.in,866,5
registrar@ggu.edu.in,867,4
vc@ggu.edu.in,867,5
registrar@ghristu.edu.in,868,4
vc@ghristu.edu.in,868,5
registrar@ghrstu.edu.in,869,4
vc@ghrstu.edu.in,869,5
registrar@ghru.edu.in,870,4
vc@ghru.edu.in,870,5
registrar@gmiu.edu.in,871,4
vc@gmiu.edu.in,871,5
registrar@gmu.edu.in,872,4
vc@gmu.edu.in,872,5
registrar@gnauniversity.edu.in,873,4
vc@gnauniversity.edu.in,873,5
registrar@gsfcuni.edu.in,874,4
vc@gsfcuni.edu.in,874,5
registrar@gyanveeruniversity.edu.in,875,4
vc@gyanveeruniversity.edu.in,875,5
registrar@hzu.edu.in,876,4
vc@hzu.edu.in,876,5
registrar@iihmr.edu.in,877,4
vc@iihmr.edu.in,877,5
registrar@indirauniversity.edu.in,878,4
vc@indirauniversity.edu.in,878,5
registrar@indrashiluniversity.edu.in,879,4
vc@indrashiluniversity.edu.in,879,5
registrar@isbmuniversity.edu.in,880,4
vc@isbmuniversity.edu.in,880,5
registrar@iudehradun.edu.in,881,4
vc@iudehradun.edu.in,881,5
registrar@iuhimachal.edu.in,882,4
vc@iuhimachal.edu.in,882,5
registrar@iujaipur.edu.in,883,4
vc@iujaipur.edu.in,883,5
registrar@iujharkhand.edu.in,884,4
vc@iujharkhand.edu.in,884,5
registrar@iumeghalaya.edu.in,885,4
vc@iumeghalaya.edu.in,885,5
registrar@iuraipur.edu.in,886,4
vc@iuraipur.edu.in,886,5
registrar@iusikkim.edu.in,887,4
vc@iusikkim.edu.in,887,5
registrar@iutripura.edu.in,888,4
vc@iutripura.edu.in,888,5
registrar@jauharuniversity.edu.in,889,4
vc@jauharuniversity.edu.in,889,5
registrar@jecrcuniversity.edu.in,890,4
vc@jecrcuniversity.edu.in,890,5
registrar@jklu.edu.in,891,4
vc@jklu.edu.in,891,5
registrar@jku.edu.in,892,4
vc@jku.edu.in,892,5
registrar@jlu.edu.in,893,4
vc@jlu.edu.in,893,5
registrar@jnctpu.edu.in,894,4
vc@jnctpu.edu.in,894,5
registrar@joyuniversity.edu.in,895,4
vc@joyuniversity.edu.in,895,5
registrar@jru.edu.in,896,4
vc@jru.edu.in,896,5
registrar@jssuninoida.edu.in,897,4
vc@jssuninoida.edu.in,897,5
registrar@kaveriuniversity.edu.in,898,4
vc@kaveriuniversity.edu.in,898,5
registrar@kishkindauniversity.edu.in,899,4
vc@kishkindauniversity.edu.in,899,5
registrar@kkmu.edu.in,900,4
vc@kkmu.edu.in,900,5
registrar@kmu.edu.in,901,4
vc@kmu.edu.in,901,5
registrar@knu.edu.in,902,4
vc@knu.edu.in,902,5
registrar@krea.edu.in,903,4
vc@krea.edu.in,903,5
registrar@krmangalam.edu.in,904,4
vc@krmangalam.edu.in,904,5
registrar@ljku.edu.in,905,4
vc@ljku.edu.in,905,5
registrar@lordsuni.edu.in,906,4
vc@lordsuni.edu.in,906,5
registrar@madhavuniversity.edu.in,907,4
vc@madhavuniversity.edu.in,907,5
registrar@mahindrauniversity.edu.in,908,4
vc@mahindrauniversity.edu.in,908,5
registrar@mamuni.edu.in,909,4
vc@mamuni.edu.in,909,5
registrar@manavbhartiuniversity.edu.in,910,4
vc@manavbhartiuniversity.edu.in,910,5
registrar@maya.edu.in,911,4
vc@maya.edu.in,911,5
registrar@mituniversity.edu.in,912,4
vc@mituniversity.edu.in,912,5
registrar@mituniversityindia.edu.in,913,4
vc@mituniversityindia.edu.in,913,5
registrar@mitwpu.edu.in,914,4
vc@mitwpu.edu.in,914,5
registrar@mkuniversity.edu.in,915,4
vc@mkuniversity.edu.in,915,5
registrar@mmyrv.edu.in,916,4
vc@mmyrv.edu.in,916,5
registrar@monad.edu.in,917,4
vc@monad.edu.in,917,5
registrar@mru.edu.in,918,4
vc@mru.edu.in,918,5
registrar@msu.edu.in,919,4
vc@msu.edu.in,919,5
registrar@mvn.edu.in,920,4
vc@mvn.edu.in,920,5
registrar@neftu.edu.in,921,4
vc@neftu.edu.in,921,5
registrar@niu.edu.in,922,4
vc@niu.edu.in,922,5
registrar@nmvuniversity.edu.in,923,4
vc@nmvuniversity.edu.in,923,5
registrar@opjsuniversity.edu.in,924,4
vc@opjsuniversity.edu.in,924,5
registrar@pcu.edu.in,925,4
vc@pcu.edu.in,925,5
registrar@pillai.edu.in,926,4
vc@pillai.edu.in,926,5
registrar@pju.edu.in,927,4
vc@pju.edu.in,927,5
registrar@pkuniversity.edu.in,928,4
vc@pkuniversity.edu.in,928,5
registrar@plaksha.edu.in,929,4
vc@plaksha.edu.in,929,5
registrar@plastindia.edu.in,930,4
vc@plastindia.edu.in,930,5
registrar@poornima.edu.in,931,4
vc@poornima.edu.in,931,5
registrar@pratap.edu.in,932,4
vc@pratap.edu.in,932,5
registrar@prestigeuniversity.edu.in,933,4
vc@prestigeuniversity.edu.in,933,5
registrar@quantumuniversity.edu.in,934,4
vc@quantumuniversity.edu.in,934,5
registrar@rafflesuniversity.edu.in,935,4
vc@rafflesuniversity.edu.in,935,5
registrar@rayatbahrauniversity.edu.in,936,4
vc@rayatbahrauniversity.edu.in,936,5
registrar@rbbsu.edu.in,937,4
vc@rbbsu.edu.in,937,5
registrar@reva.edu.in,938,4
vc@reva.edu.in,938,5
registrar@rnbglobal.edu.in,939,4
vc@rnbglobal.edu.in,939,5
registrar@rsru.edu.in,940,4
vc@rsru.edu.in,940,5
registrar@rvu.edu.in,941,4
vc@rvu.edu.in,941,5
registrar@sabarmatiuniversity.edu.in,942,4
vc@sabarmatiuniversity.edu.in,942,5
registrar@saiuniversity.edu.in,943,4
vc@saiuniversity.edu.in,943,5
registrar@sandipuniversity.edu.in,944,4
vc@sandipuniversity.edu.in,944,5
registrar@sanjivani.edu.in,945,4
vc@sanjivani.edu.in,945,5
registrar@sanskriti.edu.in,946,4
vc@sanskriti.edu.in,946,5
registrar@sarojuniversity.edu.in,947,4
vc@sarojuniversity.edu.in,947,5
registrar@sau.edu.in,948,4
vc@sau.edu.in,948,5
registrar@sbsuniversity.edu.in,949,4
vc@sbsuniversity.edu.in,949,5
registrar@sbup.edu.in,950,4
vc@sbup.edu.in,950,5
registrar@sdmuniversity.edu.in,951,4
vc@sdmuniversity.edu.in,951,5
registrar@sengolinternationaluniversity.edu.in,952,4
vc@sengolinternationaluniversity.edu.in,952,5
registrar@sggswu.edu.in,953,4
vc@sggswu.edu.in,953,5
registrar@sgu.edu.in,954,4
vc@sgu.edu.in,954,5
registrar@sharnbasvauniversity.edu.in,955,4
vc@sharnbasvauniversity.edu.in,955,5
registrar@sikkimalpineuniversity.edu.in,956,4
vc@sikkimalpineuniversity.edu.in,956,5
registrar@smdu.edu.in,957,4
vc@smdu.edu.in,957,5
registrar@smru.edu.in,958,4
vc@smru.edu.in,958,5
registrar@smsu.edu.in,959,4
vc@smsu.edu.in,959,5
registrar@smu.edu.in,960,4
vc@smu.edu.in,960,5
registrar@snpsu.edu.in,961,4
vc@snpsu.edu.in,961,5
registrar@snuchennai.edu.in,962,4
vc@snuchennai.edu.in,962,5
registrar@spusikkim.edu.in,963,4
vc@spusikkim.edu.in,963,5
registrar@srdu.edu.in,964,4
vc@srdu.edu.in,964,5
registrar@srhu.edu.in,965,4
vc@srhu.edu.in,965,5
registrar@sriaurobindouniversity.edu.in,966,4
vc@sriaurobindouniversity.edu.in,966,5
registrar@srisriuniversity.edu.in,967,4
vc@srisriuniversity.edu.in,967,5
registrar@srku.edu.in,968,4
vc@srku.edu.in,968,5
registrar@srmap.edu.in,969,4
vc@srmap.edu.in,969,5
registrar@stjosephuniv.edu.in,970,4
vc@stjosephuniv.edu.in,970,5
registrar@suh.edu.in,971,4
vc@suh.edu.in,971,5
registrar@sushantuniversity.edu.in,972,4
vc@sushantuniversity.edu.in,972,5
registrar@svu.edu.in,973,4
vc@svu.edu.in,973,5
registrar@svus.edu.in,974,4
vc@svus.edu.in,974,5
registrar@svvv.edu.in,975,4
vc@svvv.edu.in,975,5
registrar@swarrnim.edu.in,976,4
vc@swarrnim.edu.in,976,5
registrar@sxuk.edu.in,977,4
vc@sxuk.edu.in,977,5
registrar@tdu.edu.in,978,4
vc@tdu.edu.in,978,5
registrar@theglobaluniversity.edu.in,979,4
vc@theglobaluniversity.edu.in,979,5
registrar@tsm.edu.in,980,4
vc@tsm.edu.in,980,5
registrar@uem.edu.in,981,4
vc@uem.edu.in,981,5
registrar@jaipur.uem.edu.in,982,4
vc@jaipur.uem.edu.in,982,5
registrar@uniteduniversity.edu.in,983,4
vc@uniteduniversity.edu.in,983,5
registrar@universalskilltechuniversity.edu.in,984,4
vc@universalskilltechuniversity.edu.in,984,5
registrar@unwh.edu.in,985,4
vc@unwh.edu.in,985,5
registrar@uot.edu.in,986,4
vc@uot.edu.in,986,5
registrar@vau.edu.in,987,4
vc@vau.edu.in,987,5
registrar@veltechrsap.edu.in,988,4
vc@veltechrsap.edu.in,988,5
registrar@vidya.edu.in,989,4
vc@vidya.edu.in,989,5
registrar@vidyashilp.edu.in,990,4
vc@vidyashilp.edu.in,990,5
registrar@vijaybhoomi.edu.in,991,4
vc@vijaybhoomi.edu.in,991,5
registrar@woxsen.edu.in,992,4
vc@woxsen.edu.in,992,5
registrar@xub.edu.in,993,4
vc@xub.edu.in,993,5
registrar@erauniversity.in,994,4
vc@erauniversity.in,994,5
registrar@futureuniversity.in,995,4
vc@futureuniversity.in,995,5
registrar@gurukashiuniversity.in,996,4
vc@gurukashiuniversity.in,996,5
registrar@himalayiyauniversity.in,997,4
vc@himalayiyauniversity.in,997,5
registrar@iiuedu.in,998,4
vc@iiuedu.in,998,5
registrar@jguni.in,999,4
vc@jguni.in,999,5
registrar@jssstuniv.in,1000,4
vc@jssstuniv.in,1000,5
registrar@kazirangauniversity.in,1001,4
vc@kazirangauniversity.in,1001,5
registrar@lpu.in,1002,4
vc@lpu.in,1002,5
registrar@mangalayatan.in,1003,4
vc@mangalayatan.in,1003,5
registrar@mepedu.in,1004,4
vc@mepedu.in,1004,5
registrar@mindpoweruniversity.in,1005,4
vc@mindpoweruniversity.in,1005,5
registrar@mlcuniv.in,1006,4
vc@mlcuniv.in,1006,5
registrar@niituniversity.in,1007,4
vc@niituniversity.in,1007,5
registrar@ksvuniversity.org.in,1008,4
vc@ksvuniversity.org.in,1008,5
registrar@svu.org.in,1009,4
vc@svu.org.in,1009,5
registrar@orientaluniversity.in,1010,4
vc@orientaluniversity.in,1010,5
registrar@presidencyuniversity.in,1011,4
vc@presidencyuniversity.in,1011,5
registrar@raitechuniversity.in,1012,4
vc@raitechuniversity.in,1012,5
registrar@rbunagpur.in,1013,4
vc@rbunagpur.in,1013,5
registrar@ruj-bsdu.in,1014,4
vc@ruj-bsdu.in,1014,5
registrar@sageuniversity.in,1015,4
vc@sageuniversity.in,1015,5
registrar@sanskaramuniversity.in,1016,4
vc@sanskaramuniversity.in,1016,5
registrar@sauniv.in,1017,4
vc@sauniv.in,1017,5
registrar@sgrduhs.in,1018,4
vc@sgrduhs.in,1018,5
registrar@shyamuniversity.in,1019,4
vc@shyamuniversity.in,1019,5
registrar@soauniversity.in,1020,4
vc@soauniversity.in,1020,5
registrar@universalai.in,1021,4
vc@universalai.in,1021,5
registrar@uudoon.in,1022,4
vc@uudoon.in,1022,5
registrar@atharvauniversity.org,1023,4
vc@atharvauniversity.org,1023,5
registrar@bhartiuniversity.org,1024,4
vc@bhartiuniversity.org,1024,5
registrar@davuniversity.org,1025,4
vc@davuniversity.org,1025,5
registrar@gnuindia.org,1026,4
vc@gnuindia.org,1026,5
registrar@gyanvihar.org,1027,4
vc@gyanvihar.org,1027,5
registrar@homoeopathyuniversity.org,1028,4
vc@homoeopathyuniversity.org,1028,5
registrar@invertis.org,1029,4
vc@invertis.org,1029,5
registrar@itmuniversity.org,1030,4
vc@itmuniversity.org,1030,5
registrar@jagannathuniversity.org,1031,4
vc@jagannathuniversity.org,1031,5
registrar@khongnangthabauniversity.org,1032,4
vc@khongnangthabauniversity.org,1032,5
registrar@mewaruniversity.org,1033,4
vc@mewaruniversity.org,1033,5
registrar@mmambala.org,1034,4
vc@mmambala.org,1034,5
registrar@mmusolan.org,1035,4
vc@mmusolan.org,1035,5
registrar@nimsuniversity.org,1036,4
vc@nimsuniversity.org,1036,5
registrar@rguniversity.org,1037,4
vc@rguniversity.org,1037,5
registrar@rkdfuniversity.org,1038,4
vc@rkdfuniversity.org,1038,5
registrar@seacomskillsuniversity.org,1039,4
vc@seacomskillsuniversity.org,1039,5
registrar@shreeomuniversity.org,1040,4
vc@shreeomuniversity.org,1040,5
registrar@srisaiuniversity.org,1041,4
vc@srisaiuniversity.org,1041,5
registrar@subharti.org,1042,4
vc@subharti.org,1042,5
registrar@gardencity.university,1043,4
vc@gardencity.university,1043,5
